
--departamentos
insert into dpto (s_depto,s_nombre)values (1, 'Ahuachapán' );
insert into dpto (s_depto,s_nombre)values (2, 'Santa Ana' );
insert into dpto (s_depto,s_nombre)values (3, 'Sonsonate' );
insert into dpto (s_depto,s_nombre)values (4, 'Chalatenango' );
insert into dpto (s_depto,s_nombre)values (5, 'La Libertad' );
insert into dpto (s_depto,s_nombre)values (6, 'San Salvador' );
insert into dpto (s_depto,s_nombre)values (7, 'Cuscatlán' );
insert into dpto (s_depto,s_nombre)values (8, 'La Paz' );
insert into dpto (s_depto,s_nombre)values (9, 'Cabañas' );
insert into dpto (s_depto,s_nombre)values (10, 'San Vicente' );
insert into dpto (s_depto,s_nombre)values (11, 'Usulután' );
insert into dpto (s_depto,s_nombre)values (12, 'San Miguel' );
insert into dpto (s_depto,s_nombre)values (13, 'Morazán' );
insert into dpto (s_depto,s_nombre)values (14, 'La Unión' );

--municipios
insert into minicipio (s_minicipio,s_depto,s_nombre)values (1,1, 'Ahuachapán');
insert into minicipio (s_minicipio,s_depto,s_nombre)values (2,1, 'Apaneca');
insert into minicipio (s_minicipio,s_depto,s_nombre)values (3,1, 'Atiquizaya');
insert into minicipio (s_minicipio,s_depto,s_nombre)values (4,1, 'Concepción de Ataco');
insert into minicipio (s_minicipio,s_depto,s_nombre)values (5,1, 'El Refugio');
insert into minicipio (s_minicipio,s_depto,s_nombre)values (6,1, 'Guaymango');
insert into minicipio (s_minicipio,s_depto,s_nombre)values (7,1, 'Jujutla');
insert into minicipio (s_minicipio,s_depto,s_nombre)values (8,1, 'San Francisco Menéndez');
insert into minicipio (s_minicipio,s_depto,s_nombre)values (9,1, 'San Lorenzo');
insert into minicipio (s_minicipio,s_depto,s_nombre)values (10,1, 'San Pedro Puxtla');
insert into minicipio (s_minicipio,s_depto,s_nombre)values (11,1, 'Tacuba');
insert into minicipio (s_minicipio,s_depto,s_nombre)values (12,1, 'Turín');
insert into minicipio (s_minicipio,s_depto,s_nombre)values (13,2, 'Candelaria de la Frontera');
insert into minicipio (s_minicipio,s_depto,s_nombre)values (14,2, 'Chalchuapa');
insert into minicipio (s_minicipio,s_depto,s_nombre)values (15,2, 'Coatepeque');
insert into minicipio (s_minicipio,s_depto,s_nombre)values (16,2, 'El Congo');
insert into minicipio (s_minicipio,s_depto,s_nombre)values (17,2, 'El Porvenir');
insert into minicipio (s_minicipio,s_depto,s_nombre)values (18,2, 'Masahuat');
insert into minicipio (s_minicipio,s_depto,s_nombre)values (19,2, 'Metapán');
insert into minicipio (s_minicipio,s_depto,s_nombre)values (20,2, 'San Antonio Pajonal');
insert into minicipio (s_minicipio,s_depto,s_nombre)values (21,2, 'San Sebastián Salitrillo');
insert into minicipio (s_minicipio,s_depto,s_nombre)values (22,2, 'Santa Ana');
insert into minicipio (s_minicipio,s_depto,s_nombre)values (23,2, 'Santa Rosa Guachipilín');
insert into minicipio (s_minicipio,s_depto,s_nombre)values (24,2, 'Santiago de la Frontera');
insert into minicipio (s_minicipio,s_depto,s_nombre)values (25,2, 'Texistepeque');
insert into minicipio (s_minicipio,s_depto,s_nombre)values (26,3, 'Acajutla');
insert into minicipio (s_minicipio,s_depto,s_nombre)values (27,3, 'Armenia');
insert into minicipio (s_minicipio,s_depto,s_nombre)values (28,3, 'Caluco');
insert into minicipio (s_minicipio,s_depto,s_nombre)values (29,3, 'Cuisnahuat');
insert into minicipio (s_minicipio,s_depto,s_nombre)values (30,3, 'Izalco');
insert into minicipio (s_minicipio,s_depto,s_nombre)values (31,3, 'Juayúa');
insert into minicipio (s_minicipio,s_depto,s_nombre)values (32,3, 'Nahuizalco');
insert into minicipio (s_minicipio,s_depto,s_nombre)values (33,3, 'Nahulingo');
insert into minicipio (s_minicipio,s_depto,s_nombre)values (34,3, 'Salcoatitán');
insert into minicipio (s_minicipio,s_depto,s_nombre)values (35,3, 'San Antonio del Monte');
insert into minicipio (s_minicipio,s_depto,s_nombre)values (36,3, 'San Julián');
insert into minicipio (s_minicipio,s_depto,s_nombre)values (37,3, 'Santa Catarina Masahuat');
insert into minicipio (s_minicipio,s_depto,s_nombre)values (38,3, 'Santa Isabel Ishuatán');
insert into minicipio (s_minicipio,s_depto,s_nombre)values (39,3, 'Santo Domingo Guzmán');
insert into minicipio (s_minicipio,s_depto,s_nombre)values (40,3, 'Sonsonate');
insert into minicipio (s_minicipio,s_depto,s_nombre)values (41,3, 'Sonzacate');
insert into minicipio (s_minicipio,s_depto,s_nombre)values (42,4, 'Agua Caliente');
insert into minicipio (s_minicipio,s_depto,s_nombre)values (43,4, 'Arcatao');
insert into minicipio (s_minicipio,s_depto,s_nombre)values (44,4, 'Azacualpa');
insert into minicipio (s_minicipio,s_depto,s_nombre)values (45,4, 'Chalatenango');
insert into minicipio (s_minicipio,s_depto,s_nombre)values (46,4, 'Comalapa');
insert into minicipio (s_minicipio,s_depto,s_nombre)values (47,4, 'Citalá');
insert into minicipio (s_minicipio,s_depto,s_nombre)values (48,4, 'Concepción Quezaltepeque');
insert into minicipio (s_minicipio,s_depto,s_nombre)values (49,4, 'Dulce Nombre de María');
insert into minicipio (s_minicipio,s_depto,s_nombre)values (50,4, 'El Carrizal');
insert into minicipio (s_minicipio,s_depto,s_nombre)values (51,4, 'El Paraíso');
insert into minicipio (s_minicipio,s_depto,s_nombre)values (52,4, 'La Laguna');
insert into minicipio (s_minicipio,s_depto,s_nombre)values (53,4, 'La Palma');
insert into minicipio (s_minicipio,s_depto,s_nombre)values (54,4, 'La Reina');
insert into minicipio (s_minicipio,s_depto,s_nombre)values (55,4, 'Las Vueltas');
insert into minicipio (s_minicipio,s_depto,s_nombre)values (56,4, 'Nueva Concepción');
insert into minicipio (s_minicipio,s_depto,s_nombre)values (57,4, 'Nueva Trinidad');
insert into minicipio (s_minicipio,s_depto,s_nombre)values (58,4, 'Nombre de Jesús');
insert into minicipio (s_minicipio,s_depto,s_nombre)values (59,4, 'Ojos de Agua');
insert into minicipio (s_minicipio,s_depto,s_nombre)values (60,4, 'Potonico');
insert into minicipio (s_minicipio,s_depto,s_nombre)values (61,4, 'San Antonio de la Cruz');
insert into minicipio (s_minicipio,s_depto,s_nombre)values (62,4, 'San Antonio Los Ranchos');
insert into minicipio (s_minicipio,s_depto,s_nombre)values (63,4, 'San Fernando');
insert into minicipio (s_minicipio,s_depto,s_nombre)values (64,4, 'San Francisco Lempa');
insert into minicipio (s_minicipio,s_depto,s_nombre)values (65,4, 'San Francisco Morazán');
insert into minicipio (s_minicipio,s_depto,s_nombre)values (66,4, 'San Ignacio');
insert into minicipio (s_minicipio,s_depto,s_nombre)values (67,4, 'San Isidro Labrador');
insert into minicipio (s_minicipio,s_depto,s_nombre)values (68,4, 'San José Cancasque');
insert into minicipio (s_minicipio,s_depto,s_nombre)values (69,4, 'San José Las Flores');
insert into minicipio (s_minicipio,s_depto,s_nombre)values (70,4, 'San Luis del Carmen');
insert into minicipio (s_minicipio,s_depto,s_nombre)values (71,4, 'San Miguel de Mercedes');
insert into minicipio (s_minicipio,s_depto,s_nombre)values (72,4, 'San Rafael');
insert into minicipio (s_minicipio,s_depto,s_nombre)values (73,4, 'Santa Rita');
insert into minicipio (s_minicipio,s_depto,s_nombre)values (74,4, 'Tejutla');
insert into minicipio (s_minicipio,s_depto,s_nombre)values (75,5, 'Candelaria');
insert into minicipio (s_minicipio,s_depto,s_nombre)values (76,5, 'Cojutepeque');
insert into minicipio (s_minicipio,s_depto,s_nombre)values (77,5, 'El Carmen');
insert into minicipio (s_minicipio,s_depto,s_nombre)values (78,5, 'El Rosario');
insert into minicipio (s_minicipio,s_depto,s_nombre)values (79,5, 'Monte San Juan');
insert into minicipio (s_minicipio,s_depto,s_nombre)values (80,5, 'Oratorio de Concepción');
insert into minicipio (s_minicipio,s_depto,s_nombre)values (81,5, 'San Bartolomé Perulapía');
insert into minicipio (s_minicipio,s_depto,s_nombre)values (82,5, 'San Cristóbal');
insert into minicipio (s_minicipio,s_depto,s_nombre)values (83,5, 'San José Guayabal');
insert into minicipio (s_minicipio,s_depto,s_nombre)values (84,5, 'San Pedro Perulapán');
insert into minicipio (s_minicipio,s_depto,s_nombre)values (85,5, 'San Rafael Cedros');
insert into minicipio (s_minicipio,s_depto,s_nombre)values (86,5, 'San Ramón');
insert into minicipio (s_minicipio,s_depto,s_nombre)values (87,5, 'Santa Cruz Analquito');
insert into minicipio (s_minicipio,s_depto,s_nombre)values (88,5, 'Santa Cruz Michapa');
insert into minicipio (s_minicipio,s_depto,s_nombre)values (89,5, 'Suchitoto');
insert into minicipio (s_minicipio,s_depto,s_nombre)values (90,5, 'Tenancingo');
insert into minicipio (s_minicipio,s_depto,s_nombre)values (91,6, 'Aguilares');
insert into minicipio (s_minicipio,s_depto,s_nombre)values (92,6, 'Apopa');
insert into minicipio (s_minicipio,s_depto,s_nombre)values (93,6, 'Ayutuxtepeque');
insert into minicipio (s_minicipio,s_depto,s_nombre)values (94,6, 'Cuscatancingo');
insert into minicipio (s_minicipio,s_depto,s_nombre)values (95,6, 'Ciudad Delgado');
insert into minicipio (s_minicipio,s_depto,s_nombre)values (96,6, 'El Paisnal');
insert into minicipio (s_minicipio,s_depto,s_nombre)values (97,6, 'Guazapa');
insert into minicipio (s_minicipio,s_depto,s_nombre)values (98,6, 'Ilopango');
insert into minicipio (s_minicipio,s_depto,s_nombre)values (99,6, 'Mejicanos');
insert into minicipio (s_minicipio,s_depto,s_nombre)values (100,6, 'Nejapa');
insert into minicipio (s_minicipio,s_depto,s_nombre)values (101,6, 'Panchimalco');
insert into minicipio (s_minicipio,s_depto,s_nombre)values (102,6, 'Rosario de Mora');
insert into minicipio (s_minicipio,s_depto,s_nombre)values (103,6, 'San Marcos');
insert into minicipio (s_minicipio,s_depto,s_nombre)values (104,6, 'San Martín');
insert into minicipio (s_minicipio,s_depto,s_nombre)values (105,6, 'San Salvador');
insert into minicipio (s_minicipio,s_depto,s_nombre)values (106,6, 'Santiago Texacuangos');
insert into minicipio (s_minicipio,s_depto,s_nombre)values (107,6, 'Santo Tomás');
insert into minicipio (s_minicipio,s_depto,s_nombre)values (108,6, 'Soyapango');
insert into minicipio (s_minicipio,s_depto,s_nombre)values (109,6, 'Tonacatepeque');
insert into minicipio (s_minicipio,s_depto,s_nombre)values (110,7, 'Antiguo Cuscatlán');
insert into minicipio (s_minicipio,s_depto,s_nombre)values (111,7, 'Chiltiupán');
insert into minicipio (s_minicipio,s_depto,s_nombre)values (112,7, 'Ciudad Arce');
insert into minicipio (s_minicipio,s_depto,s_nombre)values (113,7, 'Colón');
insert into minicipio (s_minicipio,s_depto,s_nombre)values (114,7, 'Comasagua');
insert into minicipio (s_minicipio,s_depto,s_nombre)values (115,7, 'Huizúcar');
insert into minicipio (s_minicipio,s_depto,s_nombre)values (116,7, 'Jayaque');
insert into minicipio (s_minicipio,s_depto,s_nombre)values (117,7, 'Jicalapa');
insert into minicipio (s_minicipio,s_depto,s_nombre)values (118,7, 'La Libertad');
insert into minicipio (s_minicipio,s_depto,s_nombre)values (119,7, 'Santa Tecla');
insert into minicipio (s_minicipio,s_depto,s_nombre)values (120,7, 'Nuevo Cuscatlán');
insert into minicipio (s_minicipio,s_depto,s_nombre)values (121,7, 'San Juan Opico');
insert into minicipio (s_minicipio,s_depto,s_nombre)values (122,7, 'Quezaltepeque');
insert into minicipio (s_minicipio,s_depto,s_nombre)values (123,7, 'Sacacoyo');
insert into minicipio (s_minicipio,s_depto,s_nombre)values (124,7, 'San José Villanueva');
insert into minicipio (s_minicipio,s_depto,s_nombre)values (125,7, 'San Matías');
insert into minicipio (s_minicipio,s_depto,s_nombre)values (126,7, 'San Pablo Tacachico');
insert into minicipio (s_minicipio,s_depto,s_nombre)values (127,7, 'Talnique');
insert into minicipio (s_minicipio,s_depto,s_nombre)values (128,7, 'Tamanique');
insert into minicipio (s_minicipio,s_depto,s_nombre)values (129,7, 'Teotepeque');
insert into minicipio (s_minicipio,s_depto,s_nombre)values (130,7, 'Tepecoyo');
insert into minicipio (s_minicipio,s_depto,s_nombre)values (131,7, ' Zaragoza');
insert into minicipio (s_minicipio,s_depto,s_nombre)values (132,8, 'Apastepeque');
insert into minicipio (s_minicipio,s_depto,s_nombre)values (133,8, 'Guadalupe');
insert into minicipio (s_minicipio,s_depto,s_nombre)values (134,8, 'San Cayetano Istepeque');
insert into minicipio (s_minicipio,s_depto,s_nombre)values (135,8, 'San Esteban Catarina');
insert into minicipio (s_minicipio,s_depto,s_nombre)values (136,8, 'San Ildefonso');
insert into minicipio (s_minicipio,s_depto,s_nombre)values (137,8, 'San Lorenzo');
insert into minicipio (s_minicipio,s_depto,s_nombre)values (138,8, 'San Sebastián');
insert into minicipio (s_minicipio,s_depto,s_nombre)values (139,8, 'San Vicente');
insert into minicipio (s_minicipio,s_depto,s_nombre)values (140,8, 'Santa Clara');
insert into minicipio (s_minicipio,s_depto,s_nombre)values (141,8, 'Santo Domingo');
insert into minicipio (s_minicipio,s_depto,s_nombre)values (142,8, 'Tecoluca');
insert into minicipio (s_minicipio,s_depto,s_nombre)values (143,8, 'Tepetitán');
insert into minicipio (s_minicipio,s_depto,s_nombre)values (144,8, 'Verapaz');
insert into minicipio (s_minicipio,s_depto,s_nombre)values (145,9, 'Cinquera');
insert into minicipio (s_minicipio,s_depto,s_nombre)values (146,9, 'Dolores');
insert into minicipio (s_minicipio,s_depto,s_nombre)values (147,9, 'Guacotecti');
insert into minicipio (s_minicipio,s_depto,s_nombre)values (148,9, 'Ilobasco');
insert into minicipio (s_minicipio,s_depto,s_nombre)values (149,9, 'Jutiapa');
insert into minicipio (s_minicipio,s_depto,s_nombre)values (150,9, 'San Isidro');
insert into minicipio (s_minicipio,s_depto,s_nombre)values (151,9, 'Sensuntepeque');
insert into minicipio (s_minicipio,s_depto,s_nombre)values (152,9, 'Tejutepeque');
insert into minicipio (s_minicipio,s_depto,s_nombre)values (153,9, 'Victoria');
insert into minicipio (s_minicipio,s_depto,s_nombre)values (154,10, 'Cuyultitán');
insert into minicipio (s_minicipio,s_depto,s_nombre)values (155,10, 'El Rosario');
insert into minicipio (s_minicipio,s_depto,s_nombre)values (156,10, 'Jerusalén');
insert into minicipio (s_minicipio,s_depto,s_nombre)values (157,10, 'Mercedes La Ceiba');
insert into minicipio (s_minicipio,s_depto,s_nombre)values (158,10, 'Olocuilta');
insert into minicipio (s_minicipio,s_depto,s_nombre)values (159,10, 'Paraíso de Osorio');
insert into minicipio (s_minicipio,s_depto,s_nombre)values (160,10, 'San Antonio Masahuat');
insert into minicipio (s_minicipio,s_depto,s_nombre)values (161,10, 'San Emigdio');
insert into minicipio (s_minicipio,s_depto,s_nombre)values (162,10, 'San Francisco Chinameca');
insert into minicipio (s_minicipio,s_depto,s_nombre)values (163,10, 'San Juan Nonualco');
insert into minicipio (s_minicipio,s_depto,s_nombre)values (164,10, 'San Juan Talpa');
insert into minicipio (s_minicipio,s_depto,s_nombre)values (165,10, 'San Juan Tepezontes');
insert into minicipio (s_minicipio,s_depto,s_nombre)values (166,10, 'San Luis Talpa');
insert into minicipio (s_minicipio,s_depto,s_nombre)values (167,10, 'San Luis La Herradura');
insert into minicipio (s_minicipio,s_depto,s_nombre)values (168,10, 'San Miguel Tepezontes');
insert into minicipio (s_minicipio,s_depto,s_nombre)values (169,10, 'San Pedro Masahuat');
insert into minicipio (s_minicipio,s_depto,s_nombre)values (170,10, 'San Pedro Nonualco');
insert into minicipio (s_minicipio,s_depto,s_nombre)values (171,10, 'San Rafael Obrajuelo');
insert into minicipio (s_minicipio,s_depto,s_nombre)values (172,10, 'Santa María Ostuma');
insert into minicipio (s_minicipio,s_depto,s_nombre)values (173,10, 'Santiago Nonualco');
insert into minicipio (s_minicipio,s_depto,s_nombre)values (174,10, 'Tapalhuaca');
insert into minicipio (s_minicipio,s_depto,s_nombre)values (175,10, 'Zacatecoluca');
insert into minicipio (s_minicipio,s_depto,s_nombre)values (176,11, 'Alegría');
insert into minicipio (s_minicipio,s_depto,s_nombre)values (177,11, 'Berlín');
insert into minicipio (s_minicipio,s_depto,s_nombre)values (178,11, 'California');
insert into minicipio (s_minicipio,s_depto,s_nombre)values (179,11, 'Concepción Batres');
insert into minicipio (s_minicipio,s_depto,s_nombre)values (180,11, 'El Triunfo');
insert into minicipio (s_minicipio,s_depto,s_nombre)values (181,11, 'Ereguayquín');
insert into minicipio (s_minicipio,s_depto,s_nombre)values (182,11, 'Estanzuelas');
insert into minicipio (s_minicipio,s_depto,s_nombre)values (183,11, 'Jiquilisco');
insert into minicipio (s_minicipio,s_depto,s_nombre)values (184,11, 'Jucuapa');
insert into minicipio (s_minicipio,s_depto,s_nombre)values (185,11, 'Jucuarán');
insert into minicipio (s_minicipio,s_depto,s_nombre)values (186,11, 'Mercedes Umaña');
insert into minicipio (s_minicipio,s_depto,s_nombre)values (187,11, 'Nueva Granada');
insert into minicipio (s_minicipio,s_depto,s_nombre)values (188,11, 'Ozatlán');
insert into minicipio (s_minicipio,s_depto,s_nombre)values (189,11, 'Puerto El Triunfo');
insert into minicipio (s_minicipio,s_depto,s_nombre)values (190,11, 'San Agustín');
insert into minicipio (s_minicipio,s_depto,s_nombre)values (191,11, 'San Buenaventura');
insert into minicipio (s_minicipio,s_depto,s_nombre)values (192,11, 'San Dionisio');
insert into minicipio (s_minicipio,s_depto,s_nombre)values (193,11, 'San Francisco Javier');
insert into minicipio (s_minicipio,s_depto,s_nombre)values (194,11, 'Santa Elena');
insert into minicipio (s_minicipio,s_depto,s_nombre)values (195,11, 'Santa María');
insert into minicipio (s_minicipio,s_depto,s_nombre)values (196,11, 'Santiago de María');
insert into minicipio (s_minicipio,s_depto,s_nombre)values (197,11, 'Tecapán');
insert into minicipio (s_minicipio,s_depto,s_nombre)values (198,11, 'Usulután');
insert into minicipio (s_minicipio,s_depto,s_nombre)values (199,12, 'Carolina');
insert into minicipio (s_minicipio,s_depto,s_nombre)values (200,12, 'Chapeltique');
insert into minicipio (s_minicipio,s_depto,s_nombre)values (201,12, 'Chinameca');
insert into minicipio (s_minicipio,s_depto,s_nombre)values (202,12, 'Chirilagua');
insert into minicipio (s_minicipio,s_depto,s_nombre)values (203,12, 'Ciudad Barrios');
insert into minicipio (s_minicipio,s_depto,s_nombre)values (204,12, 'Comacarán');
insert into minicipio (s_minicipio,s_depto,s_nombre)values (205,12, 'El Tránsito');
insert into minicipio (s_minicipio,s_depto,s_nombre)values (206,12, 'Lolotique');
insert into minicipio (s_minicipio,s_depto,s_nombre)values (207,12, 'Moncagua');
insert into minicipio (s_minicipio,s_depto,s_nombre)values (208,12, 'Nueva Guadalupe');
insert into minicipio (s_minicipio,s_depto,s_nombre)values (209,12, 'Nuevo Edén de San Juan');
insert into minicipio (s_minicipio,s_depto,s_nombre)values (210,12, 'Quelepa');
insert into minicipio (s_minicipio,s_depto,s_nombre)values (211,12, 'San Antonio del Mosco');
insert into minicipio (s_minicipio,s_depto,s_nombre)values (212,12, 'San Gerardo');
insert into minicipio (s_minicipio,s_depto,s_nombre)values (213,12, 'San Jorge');
insert into minicipio (s_minicipio,s_depto,s_nombre)values (214,12, 'San Luis de la Reina');
insert into minicipio (s_minicipio,s_depto,s_nombre)values (215,12, 'San Miguel');
insert into minicipio (s_minicipio,s_depto,s_nombre)values (216,12, 'San Rafael Oriente');
insert into minicipio (s_minicipio,s_depto,s_nombre)values (217,12, 'Sesori');
insert into minicipio (s_minicipio,s_depto,s_nombre)values (218,12, 'Uluazapa');
insert into minicipio (s_minicipio,s_depto,s_nombre)values (219,13, 'Arambala');
insert into minicipio (s_minicipio,s_depto,s_nombre)values (220,13, 'Cacaopera');
insert into minicipio (s_minicipio,s_depto,s_nombre)values (221,13, 'Chilanga');
insert into minicipio (s_minicipio,s_depto,s_nombre)values (222,13, 'Corinto');
insert into minicipio (s_minicipio,s_depto,s_nombre)values (223,13, 'Delicias de Concepción');
insert into minicipio (s_minicipio,s_depto,s_nombre)values (224,13, 'El Divisadero');
insert into minicipio (s_minicipio,s_depto,s_nombre)values (225,13, 'El Rosario');
insert into minicipio (s_minicipio,s_depto,s_nombre)values (226,13, 'Gualococti');
insert into minicipio (s_minicipio,s_depto,s_nombre)values (227,13, 'Guatajiagua');
insert into minicipio (s_minicipio,s_depto,s_nombre)values (228,13, 'Joateca');
insert into minicipio (s_minicipio,s_depto,s_nombre)values (229,13, 'Jocoaitique');
insert into minicipio (s_minicipio,s_depto,s_nombre)values (230,13, 'Jocoro');
insert into minicipio (s_minicipio,s_depto,s_nombre)values (231,13, 'Lolotiquillo');
insert into minicipio (s_minicipio,s_depto,s_nombre)values (232,13, 'Meanguera');
insert into minicipio (s_minicipio,s_depto,s_nombre)values (233,13, 'Osicala');
insert into minicipio (s_minicipio,s_depto,s_nombre)values (234,13, 'Perquín');
insert into minicipio (s_minicipio,s_depto,s_nombre)values (235,13, 'San Carlos');
insert into minicipio (s_minicipio,s_depto,s_nombre)values (236,13, 'San Fernando');
insert into minicipio (s_minicipio,s_depto,s_nombre)values (237,13, 'San Francisco Gotera');
insert into minicipio (s_minicipio,s_depto,s_nombre)values (238,13, 'San Isidro');
insert into minicipio (s_minicipio,s_depto,s_nombre)values (239,13, 'San Simón');
insert into minicipio (s_minicipio,s_depto,s_nombre)values (240,13, 'Sensembra');
insert into minicipio (s_minicipio,s_depto,s_nombre)values (241,13, 'Sociedad');
insert into minicipio (s_minicipio,s_depto,s_nombre)values (242,13, ' Torola');
insert into minicipio (s_minicipio,s_depto,s_nombre)values (243,13, 'Yamabal');
insert into minicipio (s_minicipio,s_depto,s_nombre)values (244,13, 'Yoloaiquín');
insert into minicipio (s_minicipio,s_depto,s_nombre)values (245,14, 'Anamorós');
insert into minicipio (s_minicipio,s_depto,s_nombre)values (246,14, 'Bolívar');
insert into minicipio (s_minicipio,s_depto,s_nombre)values (247,14, 'Concepción de Oriente');
insert into minicipio (s_minicipio,s_depto,s_nombre)values (248,14, 'Conchagua');
insert into minicipio (s_minicipio,s_depto,s_nombre)values (249,14, 'El Carmen');
insert into minicipio (s_minicipio,s_depto,s_nombre)values (250,14, 'El Sauce');
insert into minicipio (s_minicipio,s_depto,s_nombre)values (251,14, 'Intipucá');
insert into minicipio (s_minicipio,s_depto,s_nombre)values (252,14, 'La Unión');
insert into minicipio (s_minicipio,s_depto,s_nombre)values (253,14, 'Lislique');
insert into minicipio (s_minicipio,s_depto,s_nombre)values (254,14, 'Meanguera del Golfo');
insert into minicipio (s_minicipio,s_depto,s_nombre)values (255,14, 'Nueva Esparta');
insert into minicipio (s_minicipio,s_depto,s_nombre)values (256,14, 'Pasaquina');
insert into minicipio (s_minicipio,s_depto,s_nombre)values (257,14, 'Polorós');
insert into minicipio (s_minicipio,s_depto,s_nombre)values (258,14, 'San Alejo');
insert into minicipio (s_minicipio,s_depto,s_nombre)values (259,14, 'San José');
insert into minicipio (s_minicipio,s_depto,s_nombre)values (260,14, 'Santa Rosa de Lima');
insert into minicipio (s_minicipio,s_depto,s_nombre)values (261,14, 'Yayantique');
insert into minicipio (s_minicipio,s_depto,s_nombre)values (262,14, 'Yucuaiquín');


--expediente de usuarios
insert into usuarioPersona (c_id, s_nombre, s_apellido, d_fnacimiento,s_edad,s_direccion,s_depto,s_minicipio )
values (1, 'Mega Master', 'Hack Crack', '2000-07-04','13','Avenida Los Master',1,1);
insert into usuarioPersona (c_id, s_nombre, s_apellido, d_fnacimiento,s_edad,s_direccion,s_depto,s_minicipio )
values (2, 'Master User', 'Hack Crack', '2000-07-04','13','Avenida Los Advendizos',2,1);

--usuarios
insert into App_User (USER_ID, USER_NAME, ENCRYTED_PASSWORD, ENABLED,USER_EXP_ID)
values (2, 'dbuser1', '$2a$10$PrI5Gk9L.tSZiW9FXhTS8O8Mz9E97k2FZbFvGFFaSsiTUIl.TCrFu', true,2);
insert into App_User (USER_ID, USER_NAME, ENCRYTED_PASSWORD, ENABLED,USER_EXP_ID)
values (1, 'dbadmin1', '$2a$10$PrI5Gk9L.tSZiW9FXhTS8O8Mz9E97k2FZbFvGFFaSsiTUIl.TCrFu', true,1);

--roles
insert into app_role (ROLE_ID, ROLE_NAME)
values (1, 'ROLE_ADMIN');
insert into app_role (ROLE_ID, ROLE_NAME)
values (2, 'ROLE_USER');
 
---RolxUsuario
insert into user_role (ID, USER_ID, ROLE_ID)
values (1, 1, 1);
insert into user_role (ID, USER_ID, ROLE_ID)
values (2, 2, 2);





insert into materia (cod_materia, nombre_materia, descripcion_materia, estado_materia) values ('2020MA', 'Matematica', 'Matematica Avanzada', 'Activo');
insert into materia (cod_materia, nombre_materia, descripcion_materia, estado_materia) values ('2020IN', 'Ingles', 'Ingles Basico', 'Activo');
insert into materia (cod_materia, nombre_materia, descripcion_materia, estado_materia) values ('2020LE', 'Lenguaje', 'Lenguaje y literatura', 'Activo');
insert into materia (cod_materia, nombre_materia, descripcion_materia, estado_materia) values ('2020SE', 'Seminario', 'Seminario de orientacion', 'Activo');
insert into materia (cod_materia, nombre_materia, descripcion_materia, estado_materia) values ('2020CI', 'Ciencias', 'Ciencias Naturales', 'Activo');
insert into materia (cod_materia, nombre_materia, descripcion_materia, estado_materia) values ('2020SO', 'Sociales', 'Ciencias Sociales', 'Activo');

insert into expediente (c_expediente, s_nombre, s_apellido, s_carne, d_fnacimiento, s_edad, s_direccion, s_telefonof, s_telefonom, s_institucion, s_nombrePadre, s_nombreMadre) values (1, 'Trix', 'Fernie', '1A2121ADC', '2000-01-01', 20, '78 Oak Court', 13002568, 76455648, 'Colegio Fatima', 'Trix Fernie', 'Trix Fernie');
insert into expediente (c_expediente, s_nombre, s_apellido, s_carne, d_fnacimiento, s_edad, s_direccion, s_telefonof, s_telefonom, s_institucion, s_nombrePadre, s_nombreMadre) values (2, 'Lyndsey', 'Ianilli', '4AF221ADC', '1999-02-10', 21, '52211 Delaware Crossing', 71305248, 60860305, 'Colegio Fatima', 'Lyndsey Ianilli', 'Lyndsey Ianilli');
insert into expediente (c_expediente, s_nombre, s_apellido, s_carne, d_fnacimiento, s_edad, s_direccion, s_telefonof, s_telefonom, s_institucion, s_nombrePadre, s_nombreMadre) values (3, 'Abbe', 'Swarbrick', '1A21S2A22', '2003-03-01', 17, '8714 Cascade Parkway', 80219404, 38673605, 'Colegio Fatima', 'Abbe Swarbrick', 'Abbe Swarbrick');
insert into expediente (c_expediente, s_nombre, s_apellido, s_carne, d_fnacimiento, s_edad, s_direccion, s_telefonof, s_telefonom, s_institucion, s_nombrePadre, s_nombreMadre) values (4, 'Layton', 'Varrow', 'TDG35EYD8', '2005-08-02', 15, '94 Burning Wood Avenue', 23051930, 97276567, 'Colegio Nazareth', 'Layton Varrow', 'Layton Varrow');
insert into expediente (c_expediente, s_nombre, s_apellido, s_carne, d_fnacimiento, s_edad, s_direccion, s_telefonof, s_telefonom, s_institucion, s_nombrePadre, s_nombreMadre) values (5, 'Leila', 'Kilvington', '63YD65FSL', '2000-01-01', 20, '38347 Birchwood Way', 43199378, 71455937, 'Colegio Santa Celicia', 'Leila Kilvington', 'Leila Kilvington');
insert into expediente (c_expediente, s_nombre, s_apellido, s_carne, d_fnacimiento, s_edad, s_direccion, s_telefonof, s_telefonom, s_institucion, s_nombrePadre, s_nombreMadre) values (6, 'Clementia', 'Laskey', '9874SU82', '1999-02-10', 21, '6 2nd Trail', 38913417, 72420618, 'Colegio Nazareth', 'Clementia Laskey', 'Clementia Laskey');
insert into expediente (c_expediente, s_nombre, s_apellido, s_carne, d_fnacimiento, s_edad, s_direccion, s_telefonof, s_telefonom, s_institucion, s_nombrePadre, s_nombreMadre) values (7, 'Prissie', 'Skipperbottom', '8UT5ED37E', '2003-03-01', 17, '18710 Huxley Terrace', 73337062, 33507051, 'Liceo Salvadoreño', 'Prissie Skipperbottom', 'Prissie Skipperbottom');
insert into expediente (c_expediente, s_nombre, s_apellido, s_carne, d_fnacimiento, s_edad, s_direccion, s_telefonof, s_telefonom, s_institucion, s_nombrePadre, s_nombreMadre) values (8, 'El', 'Baselio', '98UEED21K', '2005-08-02', 15, '69 Oriole Hill', 52113776, 48493840, 'Colegio Nazareth', 'El Baselio', 'El Baselio');
insert into expediente (c_expediente, s_nombre, s_apellido, s_carne, d_fnacimiento, s_edad, s_direccion, s_telefonof, s_telefonom, s_institucion, s_nombrePadre, s_nombreMadre) values (9, 'Belia', 'Canas', '987EHDNS', '2000-01-01', 20, '0 Bunker Hill Center', 43620096, 75837541, 'Liceo Salvadoreño', 'Belia Canas', 'Belia Canas');
insert into expediente (c_expediente, s_nombre, s_apellido, s_carne, d_fnacimiento, s_edad, s_direccion, s_telefonof, s_telefonom, s_institucion, s_nombrePadre, s_nombreMadre) values (10, 'Susannah', 'Wise', '09HE653WS', '1999-02-10', 21, '03 Annamark Way', 62459159, 25142012, 'Colegio Fatima', 'Susannah Wise', 'Susannah Wise');
insert into expediente (c_expediente, s_nombre, s_apellido, s_carne, d_fnacimiento, s_edad, s_direccion, s_telefonof, s_telefonom, s_institucion, s_nombrePadre, s_nombreMadre) values (11, 'Linette', 'Vicent', '1A2121ADC', '2003-03-01', 17, '20 Laurel Trail', 25065971, 40552202, 'Colegio Fatima', 'Linette Vicent', 'Linette Vicent');
insert into expediente (c_expediente, s_nombre, s_apellido, s_carne, d_fnacimiento, s_edad, s_direccion, s_telefonof, s_telefonom, s_institucion, s_nombrePadre, s_nombreMadre) values (12, 'Jeramey', 'Pietzker', '4AF221ADC', '2005-08-02', 15, '37 Orin Parkway', 87936700, 59275892, 'Colegio Santa Celicia', 'Jeramey Pietzker', 'Jeramey Pietzker');
insert into expediente (c_expediente, s_nombre, s_apellido, s_carne, d_fnacimiento, s_edad, s_direccion, s_telefonof, s_telefonom, s_institucion, s_nombrePadre, s_nombreMadre) values (13, 'Farra', 'Rodenhurst', '1A21S2A22', '2000-01-01', 20, '100 Cambridge Trail', 93321775, 73541294, 'Colegio Fatima', 'Farra Rodenhurst', 'Farra Rodenhurst');
insert into expediente (c_expediente, s_nombre, s_apellido, s_carne, d_fnacimiento, s_edad, s_direccion, s_telefonof, s_telefonom, s_institucion, s_nombrePadre, s_nombreMadre) values (14, 'Basile', 'Kmicicki', 'TDG35EYD8', '1999-02-10', 21, '460 Canary Junction', 63340987, 56189396, 'Colegio Santa Celicia', 'Basile Kmicicki', 'Basile Kmicicki');
insert into expediente (c_expediente, s_nombre, s_apellido, s_carne, d_fnacimiento, s_edad, s_direccion, s_telefonof, s_telefonom, s_institucion, s_nombrePadre, s_nombreMadre) values (15, 'Wrennie', 'Master', '63YD65FSL', '2003-03-01', 17, '62940 Cottonwood Place', 41172565, 86776579, 'Colegio Nazareth', 'Wrennie Master', 'Wrennie Master');
insert into expediente (c_expediente, s_nombre, s_apellido, s_carne, d_fnacimiento, s_edad, s_direccion, s_telefonof, s_telefonom, s_institucion, s_nombrePadre, s_nombreMadre) values (16, 'Glennie', 'Cosans', '9874SU82', '2005-08-02', 15, '699 Fairfield Pass', 16993786, 49543705, 'Colegio Nazareth', 'Glennie Cosans', 'Glennie Cosans');
insert into expediente (c_expediente, s_nombre, s_apellido, s_carne, d_fnacimiento, s_edad, s_direccion, s_telefonof, s_telefonom, s_institucion, s_nombrePadre, s_nombreMadre) values (17, 'Saxe', 'Avey', '8UT5ED37E', '2000-01-01', 20, '932 Eastwood Plaza', 91992119, 20342250, 'Colegio Fatima', 'Saxe Avey', 'Saxe Avey');
insert into expediente (c_expediente, s_nombre, s_apellido, s_carne, d_fnacimiento, s_edad, s_direccion, s_telefonof, s_telefonom, s_institucion, s_nombrePadre, s_nombreMadre) values (18, 'Janot', 'Tailour', '98UEED21K', '1999-02-10', 21, '35 Merry Crossing', 26660540, 76867285, 'Liceo Salvadoreño', 'Janot Tailour', 'Janot Tailour');
insert into expediente (c_expediente, s_nombre, s_apellido, s_carne, d_fnacimiento, s_edad, s_direccion, s_telefonof, s_telefonom, s_institucion, s_nombrePadre, s_nombreMadre) values (19, 'Fayette', 'Upcott', '987EHDNS', '2003-03-01', 17, '6753 Tennessee Court', 70188792, 79625374, 'Liceo Salvadoreño', 'Fayette Upcott', 'Fayette Upcott');
insert into expediente (c_expediente, s_nombre, s_apellido, s_carne, d_fnacimiento, s_edad, s_direccion, s_telefonof, s_telefonom, s_institucion, s_nombrePadre, s_nombreMadre) values (20, 'Brice', 'Kee', '09HE653WS', '2005-08-02', 15, '8 Old Shore Parkway', 35644196, 25121303, 'Colegio Nazareth', 'Brice Kee', 'Brice Kee');
insert into expediente (c_expediente, s_nombre, s_apellido, s_carne, d_fnacimiento, s_edad, s_direccion, s_telefonof, s_telefonom, s_institucion, s_nombrePadre, s_nombreMadre) values (21, 'Estevan', 'Stubbeley', '1A2121ADC', '2000-01-01', 20, '9869 Monterey Lane', 65268769, 37386399, 'Colegio Fatima', 'Estevan Stubbeley', 'Estevan Stubbeley');
insert into expediente (c_expediente, s_nombre, s_apellido, s_carne, d_fnacimiento, s_edad, s_direccion, s_telefonof, s_telefonom, s_institucion, s_nombrePadre, s_nombreMadre) values (22, 'Yevette', 'Gabbott', '4AF221ADC', '1999-02-10', 21, '0363 Reinke Terrace', 76417800, 23500576, 'Colegio Fatima', 'Yevette Gabbott', 'Yevette Gabbott');
insert into expediente (c_expediente, s_nombre, s_apellido, s_carne, d_fnacimiento, s_edad, s_direccion, s_telefonof, s_telefonom, s_institucion, s_nombrePadre, s_nombreMadre) values (23, 'Shirley', 'Ginity', '1A21S2A22', '2003-03-01', 17, '489 Ridgeway Road', 96885871, 13039551, 'Colegio Santa Celicia', 'Shirley Ginity', 'Shirley Ginity');
insert into expediente (c_expediente, s_nombre, s_apellido, s_carne, d_fnacimiento, s_edad, s_direccion, s_telefonof, s_telefonom, s_institucion, s_nombrePadre, s_nombreMadre) values (24, 'Winonah', 'McCrainor', 'TDG35EYD8', '2005-08-02', 15, '77552 Hanover Court', 15763722, 85129777, 'Liceo Salvadoreño', 'Winonah McCrainor', 'Winonah McCrainor');
insert into expediente (c_expediente, s_nombre, s_apellido, s_carne, d_fnacimiento, s_edad, s_direccion, s_telefonof, s_telefonom, s_institucion, s_nombrePadre, s_nombreMadre) values (25, 'Geoffrey', 'Scamaden', '63YD65FSL', '2000-01-01', 20, '8 Sachtjen Trail', 30361775, 62724941, 'Colegio Fatima', 'Geoffrey Scamaden', 'Geoffrey Scamaden');
insert into expediente (c_expediente, s_nombre, s_apellido, s_carne, d_fnacimiento, s_edad, s_direccion, s_telefonof, s_telefonom, s_institucion, s_nombrePadre, s_nombreMadre) values (26, 'Nannette', 'Colthard', '9874SU82', '1999-02-10', 21, '9948 Hallows Alley', 49012332, 30010334, 'Colegio Fatima', 'Nannette Colthard', 'Nannette Colthard');
insert into expediente (c_expediente, s_nombre, s_apellido, s_carne, d_fnacimiento, s_edad, s_direccion, s_telefonof, s_telefonom, s_institucion, s_nombrePadre, s_nombreMadre) values (27, 'Berrie', 'Bradberry', '8UT5ED37E', '2003-03-01', 17, '2664 Pond Circle', 44164746, 13206294, 'Liceo Salvadoreño', 'Berrie Bradberry', 'Berrie Bradberry');
insert into expediente (c_expediente, s_nombre, s_apellido, s_carne, d_fnacimiento, s_edad, s_direccion, s_telefonof, s_telefonom, s_institucion, s_nombrePadre, s_nombreMadre) values (28, 'Jodie', 'Franc', '98UEED21K', '2005-08-02', 15, '326 Susan Drive', 87320702, 66382409, 'Colegio Fatima', 'Jodie Franc', 'Jodie Franc');
insert into expediente (c_expediente, s_nombre, s_apellido, s_carne, d_fnacimiento, s_edad, s_direccion, s_telefonof, s_telefonom, s_institucion, s_nombrePadre, s_nombreMadre) values (29, 'Kayle', 'Entreis', '987EHDNS', '2000-01-01', 20, '94 School Park', 68336291, 62756175, 'Colegio Santa Celicia', 'Kayle Entreis', 'Kayle Entreis');
insert into expediente (c_expediente, s_nombre, s_apellido, s_carne, d_fnacimiento, s_edad, s_direccion, s_telefonof, s_telefonom, s_institucion, s_nombrePadre, s_nombreMadre) values (30, 'Claudell', 'Geraudel', '09HE653WS', '1999-02-10', 21, '78 Norway Maple Place', 78026394, 87127107, 'Colegio Santa Celicia', 'Claudell Geraudel', 'Claudell Geraudel');
insert into expediente (c_expediente, s_nombre, s_apellido, s_carne, d_fnacimiento, s_edad, s_direccion, s_telefonof, s_telefonom, s_institucion, s_nombrePadre, s_nombreMadre) values (31, 'Elton', 'Lundie', '1A2121ADC', '2003-03-01', 17, '22447 Hanover Court', 80983987, 51295724, 'Colegio Santa Celicia', 'Elton Lundie', 'Elton Lundie');
insert into expediente (c_expediente, s_nombre, s_apellido, s_carne, d_fnacimiento, s_edad, s_direccion, s_telefonof, s_telefonom, s_institucion, s_nombrePadre, s_nombreMadre) values (32, 'Ahmed', 'Studeart', '4AF221ADC', '2005-08-02', 15, '89593 Fallview Parkway', 24900502, 45792370, 'Colegio Fatima', 'Ahmed Studeart', 'Ahmed Studeart');
insert into expediente (c_expediente, s_nombre, s_apellido, s_carne, d_fnacimiento, s_edad, s_direccion, s_telefonof, s_telefonom, s_institucion, s_nombrePadre, s_nombreMadre) values (33, 'Gerty', 'Baterip', '1A21S2A22', '2000-01-01', 20, '04435 Elka Court', 14784047, 11392150, 'Liceo Salvadoreño', 'Gerty Baterip', 'Gerty Baterip');
insert into expediente (c_expediente, s_nombre, s_apellido, s_carne, d_fnacimiento, s_edad, s_direccion, s_telefonof, s_telefonom, s_institucion, s_nombrePadre, s_nombreMadre) values (34, 'Cassy', 'Woolner', 'TDG35EYD8', '1999-02-10', 21, '46 Fordem Pass', 77006914, 55410904, 'Colegio Santa Celicia', 'Cassy Woolner', 'Cassy Woolner');
insert into expediente (c_expediente, s_nombre, s_apellido, s_carne, d_fnacimiento, s_edad, s_direccion, s_telefonof, s_telefonom, s_institucion, s_nombrePadre, s_nombreMadre) values (35, 'Ernestus', 'Barkus', '63YD65FSL', '2003-03-01', 17, '117 Montana Point', 69170232, 13599209, 'Liceo Salvadoreño', 'Ernestus Barkus', 'Ernestus Barkus');
insert into expediente (c_expediente, s_nombre, s_apellido, s_carne, d_fnacimiento, s_edad, s_direccion, s_telefonof, s_telefonom, s_institucion, s_nombrePadre, s_nombreMadre) values (36, 'Seumas', 'Durbyn', '9874SU82', '2005-08-02', 15, '6 Knutson Parkway', 27417221, 87392912, 'Colegio Santa Celicia', 'Seumas Durbyn', 'Seumas Durbyn');
insert into expediente (c_expediente, s_nombre, s_apellido, s_carne, d_fnacimiento, s_edad, s_direccion, s_telefonof, s_telefonom, s_institucion, s_nombrePadre, s_nombreMadre) values (37, 'Dorris', 'Filgate', '8UT5ED37E', '2000-01-01', 20, '73148 7th Place', 28269429, 48913490, 'Liceo Salvadoreño', 'Dorris Filgate', 'Dorris Filgate');
insert into expediente (c_expediente, s_nombre, s_apellido, s_carne, d_fnacimiento, s_edad, s_direccion, s_telefonof, s_telefonom, s_institucion, s_nombrePadre, s_nombreMadre) values (38, 'Devlen', 'Cobbled', '98UEED21K', '1999-02-10', 21, '9151 Arizona Crossing', 34488904, 64762230, 'Liceo Salvadoreño', 'Devlen Cobbled', 'Devlen Cobbled');
insert into expediente (c_expediente, s_nombre, s_apellido, s_carne, d_fnacimiento, s_edad, s_direccion, s_telefonof, s_telefonom, s_institucion, s_nombrePadre, s_nombreMadre) values (39, 'Trish', 'Hammel', '987EHDNS', '2003-03-01', 17, '55945 Mockingbird Lane', 20157467, 68353192, 'Liceo Salvadoreño', 'Trish Hammel', 'Trish Hammel');
insert into expediente (c_expediente, s_nombre, s_apellido, s_carne, d_fnacimiento, s_edad, s_direccion, s_telefonof, s_telefonom, s_institucion, s_nombrePadre, s_nombreMadre) values (40, 'Katherine', 'Buddell', '09HE653WS', '2005-08-02', 15, '11 Glacier Hill Drive', 59322458, 59855414, 'Colegio Fatima', 'Katherine Buddell', 'Katherine Buddell');
insert into expediente (c_expediente, s_nombre, s_apellido, s_carne, d_fnacimiento, s_edad, s_direccion, s_telefonof, s_telefonom, s_institucion, s_nombrePadre, s_nombreMadre) values (41, 'Dianna', 'Keppie', '1A2121ADC', '2000-01-01', 20, '65795 Starling Lane', 44607672, 42958488, 'Liceo Salvadoreño', 'Dianna Keppie', 'Dianna Keppie');
insert into expediente (c_expediente, s_nombre, s_apellido, s_carne, d_fnacimiento, s_edad, s_direccion, s_telefonof, s_telefonom, s_institucion, s_nombrePadre, s_nombreMadre) values (42, 'Lurette', 'Symper', '4AF221ADC', '1999-02-10', 21, '9518 Sloan Road', 81122865, 21287265, 'Colegio Fatima', 'Lurette Symper', 'Lurette Symper');
insert into expediente (c_expediente, s_nombre, s_apellido, s_carne, d_fnacimiento, s_edad, s_direccion, s_telefonof, s_telefonom, s_institucion, s_nombrePadre, s_nombreMadre) values (43, 'Carly', 'Fulloway', '1A21S2A22', '2003-03-01', 17, '2588 Spaight Parkway', 89295480, 32192144, 'Colegio Santa Celicia', 'Carly Fulloway', 'Carly Fulloway');
insert into expediente (c_expediente, s_nombre, s_apellido, s_carne, d_fnacimiento, s_edad, s_direccion, s_telefonof, s_telefonom, s_institucion, s_nombrePadre, s_nombreMadre) values (44, 'Derick', 'Chart', 'TDG35EYD8', '2005-08-02', 15, '9356 Jay Pass', 72835475, 18401710, 'Liceo Salvadoreño', 'Derick Chart', 'Derick Chart');
insert into expediente (c_expediente, s_nombre, s_apellido, s_carne, d_fnacimiento, s_edad, s_direccion, s_telefonof, s_telefonom, s_institucion, s_nombrePadre, s_nombreMadre) values (45, 'Doretta', 'MacGauhy', '63YD65FSL', '2000-01-01', 20, '3347 Sycamore Lane', 14553647, 13857884, 'Colegio Fatima', 'Doretta MacGauhy', 'Doretta MacGauhy');
insert into expediente (c_expediente, s_nombre, s_apellido, s_carne, d_fnacimiento, s_edad, s_direccion, s_telefonof, s_telefonom, s_institucion, s_nombrePadre, s_nombreMadre) values (46, 'Anallise', 'Killner', '9874SU82', '1999-02-10', 21, '7573 Barby Court', 49238934, 90567333, 'Colegio Nazareth', 'Anallise Killner', 'Anallise Killner');
insert into expediente (c_expediente, s_nombre, s_apellido, s_carne, d_fnacimiento, s_edad, s_direccion, s_telefonof, s_telefonom, s_institucion, s_nombrePadre, s_nombreMadre) values (47, 'Aleece', 'Blowes', '8UT5ED37E', '2003-03-01', 17, '1553 Colorado Circle', 79740201, 40732066, 'Colegio Nazareth', 'Aleece Blowes', 'Aleece Blowes');
insert into expediente (c_expediente, s_nombre, s_apellido, s_carne, d_fnacimiento, s_edad, s_direccion, s_telefonof, s_telefonom, s_institucion, s_nombrePadre, s_nombreMadre) values (48, 'Tilda', 'Daviot', '98UEED21K', '2005-08-02', 15, '37290 Arkansas Lane', 21599910, 22574007, 'Colegio Fatima', 'Tilda Daviot', 'Tilda Daviot');
insert into expediente (c_expediente, s_nombre, s_apellido, s_carne, d_fnacimiento, s_edad, s_direccion, s_telefonof, s_telefonom, s_institucion, s_nombrePadre, s_nombreMadre) values (49, 'Lynnelle', 'Dawidman', '987EHDNS', '2000-01-01', 20, '7 Hooker Avenue', 62338038, 50469276, 'Colegio Fatima', 'Lynnelle Dawidman', 'Lynnelle Dawidman');
insert into expediente (c_expediente, s_nombre, s_apellido, s_carne, d_fnacimiento, s_edad, s_direccion, s_telefonof, s_telefonom, s_institucion, s_nombrePadre, s_nombreMadre) values (50, 'Melloney', 'Ladloe', '09HE653WS', '1999-02-10', 21, '9 Dorton Drive', 96565613, 60597381, 'Colegio Fatima', 'Melloney Ladloe', 'Melloney Ladloe');
insert into expediente (c_expediente, s_nombre, s_apellido, s_carne, d_fnacimiento, s_edad, s_direccion, s_telefonof, s_telefonom, s_institucion, s_nombrePadre, s_nombreMadre) values (51, 'Clemmy', 'Challiner', '1A2121ADC', '2003-03-01', 17, '50442 Doe Crossing Junction', 20419894, 82815859, 'Colegio Nazareth', 'Clemmy Challiner', 'Clemmy Challiner');
insert into expediente (c_expediente, s_nombre, s_apellido, s_carne, d_fnacimiento, s_edad, s_direccion, s_telefonof, s_telefonom, s_institucion, s_nombrePadre, s_nombreMadre) values (52, 'Gery', 'Ferreras', '4AF221ADC', '2005-08-02', 15, '6301 Prairie Rose Place', 72271704, 17783348, 'Colegio Santa Celicia', 'Gery Ferreras', 'Gery Ferreras');
insert into expediente (c_expediente, s_nombre, s_apellido, s_carne, d_fnacimiento, s_edad, s_direccion, s_telefonof, s_telefonom, s_institucion, s_nombrePadre, s_nombreMadre) values (53, 'Lonnie', 'Di Giacomo', '1A21S2A22', '2000-01-01', 20, '7 Caliangt Lane', 72615751, 83787048, 'Colegio Nazareth', 'Lonnie Di Giacomo', 'Lonnie Di Giacomo');
insert into expediente (c_expediente, s_nombre, s_apellido, s_carne, d_fnacimiento, s_edad, s_direccion, s_telefonof, s_telefonom, s_institucion, s_nombrePadre, s_nombreMadre) values (54, 'Rodie', 'Gladding', 'TDG35EYD8', '1999-02-10', 21, '2 Mockingbird Pass', 33304205, 91723367, 'Colegio Nazareth', 'Rodie Gladding', 'Rodie Gladding');
insert into expediente (c_expediente, s_nombre, s_apellido, s_carne, d_fnacimiento, s_edad, s_direccion, s_telefonof, s_telefonom, s_institucion, s_nombrePadre, s_nombreMadre) values (55, 'Phylis', 'Burgwin', '63YD65FSL', '2003-03-01', 17, '891 Chive Lane', 12557390, 72982800, 'Colegio Fatima', 'Phylis Burgwin', 'Phylis Burgwin');
insert into expediente (c_expediente, s_nombre, s_apellido, s_carne, d_fnacimiento, s_edad, s_direccion, s_telefonof, s_telefonom, s_institucion, s_nombrePadre, s_nombreMadre) values (56, 'Chrisy', 'Inch', '9874SU82', '2005-08-02', 15, '5745 Maywood Parkway', 16597337, 46221786, 'Colegio Nazareth', 'Chrisy Inch', 'Chrisy Inch');
insert into expediente (c_expediente, s_nombre, s_apellido, s_carne, d_fnacimiento, s_edad, s_direccion, s_telefonof, s_telefonom, s_institucion, s_nombrePadre, s_nombreMadre) values (57, 'Anni', 'Swindell', '8UT5ED37E', '2000-01-01', 20, '4 Towne Trail', 64858415, 20757885, 'Colegio Nazareth', 'Anni Swindell', 'Anni Swindell');
insert into expediente (c_expediente, s_nombre, s_apellido, s_carne, d_fnacimiento, s_edad, s_direccion, s_telefonof, s_telefonom, s_institucion, s_nombrePadre, s_nombreMadre) values (58, 'Dexter', 'Wisam', '98UEED21K', '1999-02-10', 21, '69319 Bellgrove Center', 24743274, 30585642, 'Colegio Fatima', 'Dexter Wisam', 'Dexter Wisam');
insert into expediente (c_expediente, s_nombre, s_apellido, s_carne, d_fnacimiento, s_edad, s_direccion, s_telefonof, s_telefonom, s_institucion, s_nombrePadre, s_nombreMadre) values (59, 'Olympe', 'Levitt', '987EHDNS', '2003-03-01', 17, '6162 Graedel Road', 97677989, 64489530, 'Colegio Nazareth', 'Olympe Levitt', 'Olympe Levitt');
insert into expediente (c_expediente, s_nombre, s_apellido, s_carne, d_fnacimiento, s_edad, s_direccion, s_telefonof, s_telefonom, s_institucion, s_nombrePadre, s_nombreMadre) values (60, 'Felipa', 'Krugmann', '09HE653WS', '2005-08-02', 15, '3 Truax Pass', 65631104, 93517720, 'Colegio Fatima', 'Felipa Krugmann', 'Felipa Krugmann');
insert into expediente (c_expediente, s_nombre, s_apellido, s_carne, d_fnacimiento, s_edad, s_direccion, s_telefonof, s_telefonom, s_institucion, s_nombrePadre, s_nombreMadre) values (61, 'Junia', 'Bendare', '1A2121ADC', '2000-01-01', 20, '123 Fairview Junction', 45277167, 91368418, 'Colegio Fatima', 'Junia Bendare', 'Junia Bendare');
insert into expediente (c_expediente, s_nombre, s_apellido, s_carne, d_fnacimiento, s_edad, s_direccion, s_telefonof, s_telefonom, s_institucion, s_nombrePadre, s_nombreMadre) values (62, 'Lindy', 'Gounard', '4AF221ADC', '1999-02-10', 21, '2289 Reinke Center', 51655086, 97917424, 'Colegio Nazareth', 'Lindy Gounard', 'Lindy Gounard');
insert into expediente (c_expediente, s_nombre, s_apellido, s_carne, d_fnacimiento, s_edad, s_direccion, s_telefonof, s_telefonom, s_institucion, s_nombrePadre, s_nombreMadre) values (63, 'Gunar', 'Paddingdon', '1A21S2A22', '2003-03-01', 17, '43 Little Fleur Road', 16210462, 33911041, 'Colegio Nazareth', 'Gunar Paddingdon', 'Gunar Paddingdon');
insert into expediente (c_expediente, s_nombre, s_apellido, s_carne, d_fnacimiento, s_edad, s_direccion, s_telefonof, s_telefonom, s_institucion, s_nombrePadre, s_nombreMadre) values (64, 'Ibrahim', 'Saffer', 'TDG35EYD8', '2005-08-02', 15, '30 Gulseth Park', 68090143, 52396164, 'Colegio Nazareth', 'Ibrahim Saffer', 'Ibrahim Saffer');
insert into expediente (c_expediente, s_nombre, s_apellido, s_carne, d_fnacimiento, s_edad, s_direccion, s_telefonof, s_telefonom, s_institucion, s_nombrePadre, s_nombreMadre) values (65, 'Marianna', 'Ferruzzi', '63YD65FSL', '2000-01-01', 20, '7 Jenifer Crossing', 28767250, 65209312, 'Colegio Fatima', 'Marianna Ferruzzi', 'Marianna Ferruzzi');
insert into expediente (c_expediente, s_nombre, s_apellido, s_carne, d_fnacimiento, s_edad, s_direccion, s_telefonof, s_telefonom, s_institucion, s_nombrePadre, s_nombreMadre) values (66, 'Leroy', 'Blemings', '9874SU82', '1999-02-10', 21, '319 Michigan Place', 32523302, 30712609, 'Colegio Fatima', 'Leroy Blemings', 'Leroy Blemings');
insert into expediente (c_expediente, s_nombre, s_apellido, s_carne, d_fnacimiento, s_edad, s_direccion, s_telefonof, s_telefonom, s_institucion, s_nombrePadre, s_nombreMadre) values (67, 'Dayna', 'Templeton', '8UT5ED37E', '2003-03-01', 17, '09 Longview Lane', 44261110, 31105931, 'Colegio Nazareth', 'Dayna Templeton', 'Dayna Templeton');
insert into expediente (c_expediente, s_nombre, s_apellido, s_carne, d_fnacimiento, s_edad, s_direccion, s_telefonof, s_telefonom, s_institucion, s_nombrePadre, s_nombreMadre) values (68, 'Maiga', 'Morbey', '98UEED21K', '2005-08-02', 15, '8 Hoepker Court', 93133023, 53498176, 'Colegio Santa Celicia', 'Maiga Morbey', 'Maiga Morbey');
insert into expediente (c_expediente, s_nombre, s_apellido, s_carne, d_fnacimiento, s_edad, s_direccion, s_telefonof, s_telefonom, s_institucion, s_nombrePadre, s_nombreMadre) values (69, 'Rennie', 'Jee', '987EHDNS', '2000-01-01', 20, '2 Bay Avenue', 26636471, 31480150, 'Colegio Nazareth', 'Rennie Jee', 'Rennie Jee');
insert into expediente (c_expediente, s_nombre, s_apellido, s_carne, d_fnacimiento, s_edad, s_direccion, s_telefonof, s_telefonom, s_institucion, s_nombrePadre, s_nombreMadre) values (70, 'Maurice', 'Houndesome', '09HE653WS', '1999-02-10', 21, '001 Melody Place', 56043598, 35399086, 'Colegio Nazareth', 'Maurice Houndesome', 'Maurice Houndesome');
insert into expediente (c_expediente, s_nombre, s_apellido, s_carne, d_fnacimiento, s_edad, s_direccion, s_telefonof, s_telefonom, s_institucion, s_nombrePadre, s_nombreMadre) values (71, 'Alvin', 'Davley', '1A2121ADC', '2003-03-01', 17, '1 Pleasure Lane', 69295764, 13163868, 'Colegio Fatima', 'Alvin Davley', 'Alvin Davley');
insert into expediente (c_expediente, s_nombre, s_apellido, s_carne, d_fnacimiento, s_edad, s_direccion, s_telefonof, s_telefonom, s_institucion, s_nombrePadre, s_nombreMadre) values (72, 'Madalena', 'Gymlett', '4AF221ADC', '2005-08-02', 15, '1 Talisman Terrace', 19195725, 87011156, 'Colegio Nazareth', 'Madalena Gymlett', 'Madalena Gymlett');
insert into expediente (c_expediente, s_nombre, s_apellido, s_carne, d_fnacimiento, s_edad, s_direccion, s_telefonof, s_telefonom, s_institucion, s_nombrePadre, s_nombreMadre) values (73, 'Jan', 'O''Loughane', '1A21S2A22', '2000-01-01', 20, '3 Dixon Road', 64769526, 96239054, 'Liceo Salvadoreño', 'Jan O''Loughane', 'Jan O''Loughane');
insert into expediente (c_expediente, s_nombre, s_apellido, s_carne, d_fnacimiento, s_edad, s_direccion, s_telefonof, s_telefonom, s_institucion, s_nombrePadre, s_nombreMadre) values (74, 'Granville', 'Stapforth', 'TDG35EYD8', '1999-02-10', 21, '190 Nelson Street', 60585321, 20299180, 'Colegio Nazareth', 'Granville Stapforth', 'Granville Stapforth');
insert into expediente (c_expediente, s_nombre, s_apellido, s_carne, d_fnacimiento, s_edad, s_direccion, s_telefonof, s_telefonom, s_institucion, s_nombrePadre, s_nombreMadre) values (75, 'Berti', 'Fardo', '63YD65FSL', '2003-03-01', 17, '300 Dwight Circle', 63864242, 77754749, 'Liceo Salvadoreño', 'Berti Fardo', 'Berti Fardo');
insert into expediente (c_expediente, s_nombre, s_apellido, s_carne, d_fnacimiento, s_edad, s_direccion, s_telefonof, s_telefonom, s_institucion, s_nombrePadre, s_nombreMadre) values (76, 'Ave', 'Harrhy', '9874SU82', '2005-08-02', 15, '68 Almo Lane', 35675593, 14139561, 'Colegio Santa Celicia', 'Ave Harrhy', 'Ave Harrhy');
insert into expediente (c_expediente, s_nombre, s_apellido, s_carne, d_fnacimiento, s_edad, s_direccion, s_telefonof, s_telefonom, s_institucion, s_nombrePadre, s_nombreMadre) values (77, 'Reagen', 'Scargle', '8UT5ED37E', '2000-01-01', 20, '18133 Drewry Parkway', 20480581, 26360475, 'Colegio Santa Celicia', 'Reagen Scargle', 'Reagen Scargle');
insert into expediente (c_expediente, s_nombre, s_apellido, s_carne, d_fnacimiento, s_edad, s_direccion, s_telefonof, s_telefonom, s_institucion, s_nombrePadre, s_nombreMadre) values (78, 'Nollie', 'Bezants', '98UEED21K', '1999-02-10', 21, '05 Calypso Road', 84510897, 59993547, 'Colegio Fatima', 'Nollie Bezants', 'Nollie Bezants');
insert into expediente (c_expediente, s_nombre, s_apellido, s_carne, d_fnacimiento, s_edad, s_direccion, s_telefonof, s_telefonom, s_institucion, s_nombrePadre, s_nombreMadre) values (79, 'Cody', 'Hubball', '987EHDNS', '2003-03-01', 17, '7933 Homewood Terrace', 86987598, 86160257, 'Colegio Santa Celicia', 'Cody Hubball', 'Cody Hubball');
insert into expediente (c_expediente, s_nombre, s_apellido, s_carne, d_fnacimiento, s_edad, s_direccion, s_telefonof, s_telefonom, s_institucion, s_nombrePadre, s_nombreMadre) values (80, 'Rodrigo', 'Gunnell', '09HE653WS', '2005-08-02', 15, '24 Gale Road', 85549076, 33306462, 'Liceo Salvadoreño', 'Rodrigo Gunnell', 'Rodrigo Gunnell');

insert into alumnoxmateria (c_alumnoxmateria, cod_materia, c_expediente, s_nota, s_estado) values (1, '2020IN', 16, 8.4, 'Aprobado');
insert into alumnoxmateria (c_alumnoxmateria, cod_materia, c_expediente, s_nota, s_estado) values (2, '2020MA', 12, 9.1, 'Aprobado');
insert into alumnoxmateria (c_alumnoxmateria, cod_materia, c_expediente, s_nota, s_estado) values (3, '2020LE', 3, 6.3, 'Aprobado');
insert into alumnoxmateria (c_alumnoxmateria, cod_materia, c_expediente, s_nota, s_estado) values (4, '2020MA', 8, 8.7, 'Aprobado');
insert into alumnoxmateria (c_alumnoxmateria, cod_materia, c_expediente, s_nota, s_estado) values (5, '2020SE', 19, 7.6, 'Aprobado');
insert into alumnoxmateria (c_alumnoxmateria, cod_materia, c_expediente, s_nota, s_estado) values (6, '2020MA', 2, 9.2, 'Aprobado');
insert into alumnoxmateria (c_alumnoxmateria, cod_materia, c_expediente, s_nota, s_estado) values (7, '2020LE', 2, 9.6, 'Aprobado');
insert into alumnoxmateria (c_alumnoxmateria, cod_materia, c_expediente, s_nota, s_estado) values (8, '2020MA', 11, 7.1, 'Aprobado');
insert into alumnoxmateria (c_alumnoxmateria, cod_materia, c_expediente, s_nota, s_estado) values (9, '2020MA', 5, 7.6, 'Aprobado');
insert into alumnoxmateria (c_alumnoxmateria, cod_materia, c_expediente, s_nota, s_estado) values (10, '2020MA', 13, 6.2, 'Aprobado');
insert into alumnoxmateria (c_alumnoxmateria, cod_materia, c_expediente, s_nota, s_estado) values (11, '2020SE', 9, 6.3, 'Aprobado');
insert into alumnoxmateria (c_alumnoxmateria, cod_materia, c_expediente, s_nota, s_estado) values (12, '2020LE', 4, 7.9, 'Aprobado');
insert into alumnoxmateria (c_alumnoxmateria, cod_materia, c_expediente, s_nota, s_estado) values (13, '2020LE', 15, 8.4, 'Aprobado');
insert into alumnoxmateria (c_alumnoxmateria, cod_materia, c_expediente, s_nota, s_estado) values (14, '2020LE', 2, 9.5, 'Aprobado');
insert into alumnoxmateria (c_alumnoxmateria, cod_materia, c_expediente, s_nota, s_estado) values (15, '2020CI', 3, 6.8, 'Aprobado');
insert into alumnoxmateria (c_alumnoxmateria, cod_materia, c_expediente, s_nota, s_estado) values (16, '2020IN', 6, 7.2, 'Aprobado');
insert into alumnoxmateria (c_alumnoxmateria, cod_materia, c_expediente, s_nota, s_estado) values (17, '2020CI', 4, 6.3, 'Aprobado');
insert into alumnoxmateria (c_alumnoxmateria, cod_materia, c_expediente, s_nota, s_estado) values (18, '2020CI', 6, 9.3, 'Aprobado');
insert into alumnoxmateria (c_alumnoxmateria, cod_materia, c_expediente, s_nota, s_estado) values (19, '2020LE', 16, 7.4, 'Aprobado');
insert into alumnoxmateria (c_alumnoxmateria, cod_materia, c_expediente, s_nota, s_estado) values (20, '2020IN', 5, 8.7, 'Aprobado');
insert into alumnoxmateria (c_alumnoxmateria, cod_materia, c_expediente, s_nota, s_estado) values (21, '2020CI', 6, 6.9, 'Aprobado');
insert into alumnoxmateria (c_alumnoxmateria, cod_materia, c_expediente, s_nota, s_estado) values (22, '2020CI', 20, 6.4, 'Aprobado');
insert into alumnoxmateria (c_alumnoxmateria, cod_materia, c_expediente, s_nota, s_estado) values (23, '2020SE', 9, 9.2, 'Aprobado');
insert into alumnoxmateria (c_alumnoxmateria, cod_materia, c_expediente, s_nota, s_estado) values (24, '2020IN', 13, 6.1, 'Aprobado');
insert into alumnoxmateria (c_alumnoxmateria, cod_materia, c_expediente, s_nota, s_estado) values (25, '2020SE', 20, 8.6, 'Aprobado');
insert into alumnoxmateria (c_alumnoxmateria, cod_materia, c_expediente, s_nota, s_estado) values (26, '2020SO', 17, 7.7, 'Aprobado');
insert into alumnoxmateria (c_alumnoxmateria, cod_materia, c_expediente, s_nota, s_estado) values (27, '2020CI', 11, 7.0, 'Aprobado');
insert into alumnoxmateria (c_alumnoxmateria, cod_materia, c_expediente, s_nota, s_estado) values (28, '2020CI', 20, 7.5, 'Aprobado');
insert into alumnoxmateria (c_alumnoxmateria, cod_materia, c_expediente, s_nota, s_estado) values (29, '2020CI', 1, 8.6, 'Aprobado');
insert into alumnoxmateria (c_alumnoxmateria, cod_materia, c_expediente, s_nota, s_estado) values (30, '2020IN', 20, 6.4, 'Aprobado');
insert into alumnoxmateria (c_alumnoxmateria, cod_materia, c_expediente, s_nota, s_estado) values (31, '2020SO', 14, 8.4, 'Aprobado');
insert into alumnoxmateria (c_alumnoxmateria, cod_materia, c_expediente, s_nota, s_estado) values (32, '2020LE', 16, 6.9, 'Aprobado');
insert into alumnoxmateria (c_alumnoxmateria, cod_materia, c_expediente, s_nota, s_estado) values (33, '2020IN', 20, 9.0, 'Aprobado');
insert into alumnoxmateria (c_alumnoxmateria, cod_materia, c_expediente, s_nota, s_estado) values (34, '2020SE', 20, 8.4, 'Aprobado');
insert into alumnoxmateria (c_alumnoxmateria, cod_materia, c_expediente, s_nota, s_estado) values (35, '2020SE', 14, 8.6, 'Aprobado');
insert into alumnoxmateria (c_alumnoxmateria, cod_materia, c_expediente, s_nota, s_estado) values (36, '2020LE', 18, 9.4, 'Aprobado');
insert into alumnoxmateria (c_alumnoxmateria, cod_materia, c_expediente, s_nota, s_estado) values (37, '2020IN', 17, 6.5, 'Aprobado');
insert into alumnoxmateria (c_alumnoxmateria, cod_materia, c_expediente, s_nota, s_estado) values (38, '2020SE', 15, 6.7, 'Aprobado');
insert into alumnoxmateria (c_alumnoxmateria, cod_materia, c_expediente, s_nota, s_estado) values (39, '2020CI', 19, 6.1, 'Aprobado');
insert into alumnoxmateria (c_alumnoxmateria, cod_materia, c_expediente, s_nota, s_estado) values (40, '2020CI', 9, 6.7, 'Aprobado');
insert into alumnoxmateria (c_alumnoxmateria, cod_materia, c_expediente, s_nota, s_estado) values (41, '2020CI', 19, 7.6, 'Aprobado');
insert into alumnoxmateria (c_alumnoxmateria, cod_materia, c_expediente, s_nota, s_estado) values (42, '2020LE', 15, 9.0, 'Aprobado');
insert into alumnoxmateria (c_alumnoxmateria, cod_materia, c_expediente, s_nota, s_estado) values (43, '2020LE', 4, 9.7, 'Aprobado');
insert into alumnoxmateria (c_alumnoxmateria, cod_materia, c_expediente, s_nota, s_estado) values (44, '2020SO', 7, 9.1, 'Aprobado');
insert into alumnoxmateria (c_alumnoxmateria, cod_materia, c_expediente, s_nota, s_estado) values (45, '2020MA', 1, 7.5, 'Aprobado');
insert into alumnoxmateria (c_alumnoxmateria, cod_materia, c_expediente, s_nota, s_estado) values (46, '2020SO', 12, 7.2, 'Aprobado');
insert into alumnoxmateria (c_alumnoxmateria, cod_materia, c_expediente, s_nota, s_estado) values (47, '2020LE', 13, 7.7, 'Aprobado');
insert into alumnoxmateria (c_alumnoxmateria, cod_materia, c_expediente, s_nota, s_estado) values (48, '2020SE', 11, 8.2, 'Aprobado');
insert into alumnoxmateria (c_alumnoxmateria, cod_materia, c_expediente, s_nota, s_estado) values (49, '2020MA', 5, 9.2, 'Aprobado');
insert into alumnoxmateria (c_alumnoxmateria, cod_materia, c_expediente, s_nota, s_estado) values (50, '2020SE', 7, 7.9, 'Aprobado');
insert into alumnoxmateria (c_alumnoxmateria, cod_materia, c_expediente, s_nota, s_estado) values (51, '2020SE', 12, 0.2, 'Reprobado');
insert into alumnoxmateria (c_alumnoxmateria, cod_materia, c_expediente, s_nota, s_estado) values (52, '2020CI', 8, 1.0, 'Reprobado');
insert into alumnoxmateria (c_alumnoxmateria, cod_materia, c_expediente, s_nota, s_estado) values (53, '2020SE', 8, 4.3, 'Reprobado');
insert into alumnoxmateria (c_alumnoxmateria, cod_materia, c_expediente, s_nota, s_estado) values (54, '2020CI', 3, 3.1, 'Reprobado');
insert into alumnoxmateria (c_alumnoxmateria, cod_materia, c_expediente, s_nota, s_estado) values (55, '2020IN', 17, 5.2, 'Reprobado');
insert into alumnoxmateria (c_alumnoxmateria, cod_materia, c_expediente, s_nota, s_estado) values (56, '2020IN', 15, 0.8, 'Reprobado');
insert into alumnoxmateria (c_alumnoxmateria, cod_materia, c_expediente, s_nota, s_estado) values (57, '2020LE', 6, 5.6, 'Reprobado');
insert into alumnoxmateria (c_alumnoxmateria, cod_materia, c_expediente, s_nota, s_estado) values (58, '2020LE', 17, 4.3, 'Reprobado');
insert into alumnoxmateria (c_alumnoxmateria, cod_materia, c_expediente, s_nota, s_estado) values (59, '2020CI', 16, 4.8, 'Reprobado');
insert into alumnoxmateria (c_alumnoxmateria, cod_materia, c_expediente, s_nota, s_estado) values (60, '2020CI', 2, 5.5, 'Reprobado');
insert into alumnoxmateria (c_alumnoxmateria, cod_materia, c_expediente, s_nota, s_estado) values (61, '2020MA', 15, 3.4, 'Reprobado');
insert into alumnoxmateria (c_alumnoxmateria, cod_materia, c_expediente, s_nota, s_estado) values (62, '2020LE', 19, 0.5, 'Reprobado');
insert into alumnoxmateria (c_alumnoxmateria, cod_materia, c_expediente, s_nota, s_estado) values (63, '2020LE', 5, 5.1, 'Reprobado');
insert into alumnoxmateria (c_alumnoxmateria, cod_materia, c_expediente, s_nota, s_estado) values (64, '2020LE', 13, 0.1, 'Reprobado');
insert into alumnoxmateria (c_alumnoxmateria, cod_materia, c_expediente, s_nota, s_estado) values (65, '2020IN', 4, 3.4, 'Reprobado');
insert into alumnoxmateria (c_alumnoxmateria, cod_materia, c_expediente, s_nota, s_estado) values (66, '2020SO', 6, 2.1, 'Reprobado');
insert into alumnoxmateria (c_alumnoxmateria, cod_materia, c_expediente, s_nota, s_estado) values (67, '2020SO', 7, 5.3, 'Reprobado');
insert into alumnoxmateria (c_alumnoxmateria, cod_materia, c_expediente, s_nota, s_estado) values (68, '2020MA', 18, 2.8, 'Reprobado');
insert into alumnoxmateria (c_alumnoxmateria, cod_materia, c_expediente, s_nota, s_estado) values (69, '2020CI', 20, 2.8, 'Reprobado');
insert into alumnoxmateria (c_alumnoxmateria, cod_materia, c_expediente, s_nota, s_estado) values (70, '2020SO', 3, 3.8, 'Reprobado');
insert into alumnoxmateria (c_alumnoxmateria, cod_materia, c_expediente, s_nota, s_estado) values (71, '2020LE', 11, 4.5, 'Reprobado');
insert into alumnoxmateria (c_alumnoxmateria, cod_materia, c_expediente, s_nota, s_estado) values (72, '2020SO', 17, 0.4, 'Reprobado');
insert into alumnoxmateria (c_alumnoxmateria, cod_materia, c_expediente, s_nota, s_estado) values (73, '2020LE', 5, 4.7, 'Reprobado');
insert into alumnoxmateria (c_alumnoxmateria, cod_materia, c_expediente, s_nota, s_estado) values (74, '2020SE', 16, 4.2, 'Reprobado');
insert into alumnoxmateria (c_alumnoxmateria, cod_materia, c_expediente, s_nota, s_estado) values (75, '2020IN', 15, 0.4, 'Reprobado');
insert into alumnoxmateria (c_alumnoxmateria, cod_materia, c_expediente, s_nota, s_estado) values (76, '2020LE', 17, 2.8, 'Reprobado');
insert into alumnoxmateria (c_alumnoxmateria, cod_materia, c_expediente, s_nota, s_estado) values (77, '2020SO', 9, 1.9, 'Reprobado');
insert into alumnoxmateria (c_alumnoxmateria, cod_materia, c_expediente, s_nota, s_estado) values (78, '2020CI', 3, 0.6, 'Reprobado');
insert into alumnoxmateria (c_alumnoxmateria, cod_materia, c_expediente, s_nota, s_estado) values (79, '2020MA', 10, 5.1, 'Reprobado');
insert into alumnoxmateria (c_alumnoxmateria, cod_materia, c_expediente, s_nota, s_estado) values (80, '2020SO', 3, 2.6, 'Reprobado');
insert into alumnoxmateria (c_alumnoxmateria, cod_materia, c_expediente, s_nota, s_estado) values (81, '2020LE', 17, 0.9, 'Reprobado');
insert into alumnoxmateria (c_alumnoxmateria, cod_materia, c_expediente, s_nota, s_estado) values (82, '2020SO', 9, 2.9, 'Reprobado');
insert into alumnoxmateria (c_alumnoxmateria, cod_materia, c_expediente, s_nota, s_estado) values (83, '2020LE', 8, 4.1, 'Reprobado');
insert into alumnoxmateria (c_alumnoxmateria, cod_materia, c_expediente, s_nota, s_estado) values (84, '2020SO', 3, 2.0, 'Reprobado');
insert into alumnoxmateria (c_alumnoxmateria, cod_materia, c_expediente, s_nota, s_estado) values (85, '2020IN', 7, 4.2, 'Reprobado');
insert into alumnoxmateria (c_alumnoxmateria, cod_materia, c_expediente, s_nota, s_estado) values (86, '2020SO', 3, 4.4, 'Reprobado');
insert into alumnoxmateria (c_alumnoxmateria, cod_materia, c_expediente, s_nota, s_estado) values (87, '2020CI', 10, 4.8, 'Reprobado');
insert into alumnoxmateria (c_alumnoxmateria, cod_materia, c_expediente, s_nota, s_estado) values (88, '2020CI', 10, 3.9, 'Reprobado');
insert into alumnoxmateria (c_alumnoxmateria, cod_materia, c_expediente, s_nota, s_estado) values (89, '2020LE', 16, 3.0, 'Reprobado');
insert into alumnoxmateria (c_alumnoxmateria, cod_materia, c_expediente, s_nota, s_estado) values (90, '2020CI', 10, 5.9, 'Reprobado');
insert into alumnoxmateria (c_alumnoxmateria, cod_materia, c_expediente, s_nota, s_estado) values (91, '2020IN', 10, 3.8, 'Reprobado');
insert into alumnoxmateria (c_alumnoxmateria, cod_materia, c_expediente, s_nota, s_estado) values (92, '2020SE', 12, 3.7, 'Reprobado');
insert into alumnoxmateria (c_alumnoxmateria, cod_materia, c_expediente, s_nota, s_estado) values (93, '2020MA', 13, 3.2, 'Reprobado');
insert into alumnoxmateria (c_alumnoxmateria, cod_materia, c_expediente, s_nota, s_estado) values (94, '2020CI', 9, 1.2, 'Reprobado');
insert into alumnoxmateria (c_alumnoxmateria, cod_materia, c_expediente, s_nota, s_estado) values (95, '2020CI', 19, 2.1, 'Reprobado');
insert into alumnoxmateria (c_alumnoxmateria, cod_materia, c_expediente, s_nota, s_estado) values (96, '2020IN', 15, 4.5, 'Reprobado');
insert into alumnoxmateria (c_alumnoxmateria, cod_materia, c_expediente, s_nota, s_estado) values (97, '2020CI', 3, 1.4, 'Reprobado');
insert into alumnoxmateria (c_alumnoxmateria, cod_materia, c_expediente, s_nota, s_estado) values (98, '2020SO', 4, 3.8, 'Reprobado');
insert into alumnoxmateria (c_alumnoxmateria, cod_materia, c_expediente, s_nota, s_estado) values (99, '2020SO', 4, 1.1, 'Reprobado');
insert into alumnoxmateria (c_alumnoxmateria, cod_materia, c_expediente, s_nota, s_estado) values (100, '2020LE', 17, 4.1, 'Reprobado');


